Strain,NGSTAR_locus,NGSTAR_Allele,NGSTAR_Comments,Best_Hit_ARO,SNPs_in_Best_Hit_ARO,Model_type,Best_Identities,Concordance
WHO_A,23S_rRNA,WT/None,Wild_type,,,,,NG-STAR Only (RGI Miss)
WHO_A,gyrA,WT/None,Wild type,,,,,NG-STAR Only (RGI Miss)
WHO_A,mtrR,10,A39T,Neisseria gonorrhoeae mtrR with mutation conferring resistance,A39T,protein variant model,99.05,Match (Both Found)
WHO_A,parC,7,Wild Type,,,,,NG-STAR Only (RGI Miss)
WHO_A,penA,1328,mutations present: D345→a  penA WT Non Mosaic;  NG STAR penA allele: 100.008,,,,,NG-STAR Only (RGI Miss)
WHO_A,ponA,WT/None,wild-type,,,,,NG-STAR Only (RGI Miss)
WHO_A,porB,WT/None,Wild Type,,,,,NG-STAR Only (RGI Miss)
WHO_B,23S_rRNA,WT/None,Wild_type,,,,,NG-STAR Only (RGI Miss)
WHO_B,gyrA,WT/None,Wild type,,,,,NG-STAR Only (RGI Miss)
WHO_B,mtrR,5,Wild-type,,,,,NG-STAR Only (RGI Miss)
WHO_B,parC,2,Wild Type,,,,,NG-STAR Only (RGI Miss)
WHO_B,penA,19,Type I non-mosaic; FA1090 NG STAR penA allele: 1.002,,,,,NG-STAR Only (RGI Miss)
WHO_B,ponA,WT/None,wild-type,,,,,NG-STAR Only (RGI Miss)
WHO_B,porB,3,mutation: A121S,,,,,NG-STAR Only (RGI Miss)
WHO_C,23S_rRNA,WT/None,Wild_type,,,,,NG-STAR Only (RGI Miss)
WHO_C,gyrA,WT/None,Wild type,,,,,NG-STAR Only (RGI Miss)
WHO_C,mtrR,25,G45D,Neisseria gonorrhoeae mtrR with mutation conferring resistance,G45D,protein variant model,99.05,Match (Both Found)
WHO_C,parC,2,Wild Type,,,,,NG-STAR Only (RGI Miss)
WHO_C,penA,1913,Type 156 Non Mosaic; A311V A517G; NG STAR penA allele: 156.001,Neisseria gonorrhoeae PBP2 conferring resistance to beta-lactam antibiotics,"A311V, F504L, A510V, A516G",protein variant model,97.94,Match (Both Found)
WHO_C,ponA,WT/None,wild-type,,,,,NG-STAR Only (RGI Miss)
WHO_C,porB,4,mutation: G120D,Neisseria gonorrhoeae porin PIB (por),G120D,protein variant model,96.84,Match (Both Found)
WHO_C,rpsJ,,,rpsJ,V57M,protein variant model,99.03,RGI Only (Not in NG-STAR)
WHO_D,23S_rRNA,WT/None,Wild_type,,,,,NG-STAR Only (RGI Miss)
WHO_D,gyrA,WT/None,Wild type,,,,,NG-STAR Only (RGI Miss)
WHO_D,mtrR,19,"-35A Del, G45D",Neisseria gonorrhoeae mtrR with mutation conferring resistance,G45D,protein variant model,99.05,Match (Both Found)
WHO_D,parC,1,Wild Type,,,,,NG-STAR Only (RGI Miss)
WHO_D,penA,21,Type XII non-mosaic NG STAR penA allele: 12.001 Penicillin MIC: 32,Neisseria gonorrhoeae PBP2 conferring resistance to beta-lactam antibiotics,"F504L, A510V, P551S, A516G",protein variant model,99.14,Match (Both Found)
WHO_D,ponA,1,mutation: L421P,,,,,NG-STAR Only (RGI Miss)
WHO_D,porB,11,"mutations: G120K, A121N",Neisseria gonorrhoeae porin PIB (por),G120K,protein variant model,96.29,Match (Both Found)
WHO_D,rpsJ,,,rpsJ,V57M,protein variant model,99.03,RGI Only (Not in NG-STAR)
WHO_E,23S_rRNA,WT/None,Wild_type,,,,,NG-STAR Only (RGI Miss)
WHO_E,gyrA,WT/None,Wild type,,,,,NG-STAR Only (RGI Miss)
WHO_E,mtrR,10,A39T,Neisseria gonorrhoeae mtrR with mutation conferring resistance,A39T,protein variant model,99.05,Match (Both Found)
WHO_E,parC,2,Wild Type,,,,,NG-STAR Only (RGI Miss)
WHO_E,penA,20,Type XXII non-mosaic NG STAR penA allele: 22.001 Penicillin MIC: 1,Neisseria gonorrhoeae PBP2 conferring resistance to beta-lactam antibiotics,"F504L, A510V, A516G",protein variant model,98.11,Match (Both Found)
WHO_E,ponA,1,mutation: L421P,,,,,NG-STAR Only (RGI Miss)
WHO_E,porB,14,porB1a,,,,,NG-STAR Only (RGI Miss)
WHO_E,rpsJ,,,rpsJ,V57M,protein variant model,99.03,RGI Only (Not in NG-STAR)
WHO_F,23S_rRNA,WT/None,Wild_type,,,,,NG-STAR Only (RGI Miss)
WHO_F,gyrA,WT/None,Wild type,,,,,NG-STAR Only (RGI Miss)
WHO_F,mtrR,14,Wild-Type,,,,,NG-STAR Only (RGI Miss)
WHO_F,parC,7,Wild Type,,,,,NG-STAR Only (RGI Miss)
WHO_F,penA,22,mutations present: I312→M NO; V316→T NO; D345→a YES; F504→L NO; N512→Y NO; G545→S NO Type XV non-mosaic NG STAR penA allele: 15.001 penicillin MIC: 0.032,,,,,NG-STAR Only (RGI Miss)
WHO_F,ponA,WT/None,wild-type,,,,,NG-STAR Only (RGI Miss)
WHO_F,porB,14,porB1a,,,,,NG-STAR Only (RGI Miss)
WHO_G,23S_rRNA,WT/None,Wild_type,,,,,NG-STAR Only (RGI Miss)
WHO_G,gyrA,5,mutations: S91F Ciprofloxacin MIC: 0.125,Neisseria gonorrhoeae gyrA conferring resistance to fluoroquinolones,S91F,protein variant model,99.78,Match (Both Found)
WHO_G,mtrR,1,-35A Del Azithromycin: 0.25 Spectinomycin: 16 Tetracycline: 32,,,,,NG-STAR Only (RGI Miss)
WHO_G,parC,1,Wild Type,,,,,NG-STAR Only (RGI Miss)
WHO_G,penA,166,mutations present: F504→L Type II Non-mosaic NG STAR penA allele: 2.001 penicillin MIC: 0.5,Neisseria gonorrhoeae PBP2 conferring resistance to beta-lactam antibiotics,"F504L, A510V, A516G",protein variant model,99.31,Match (Both Found)
WHO_G,ponA,1,mutation: L421P,,,,,NG-STAR Only (RGI Miss)
WHO_G,porB,13,porB1a,,,,,NG-STAR Only (RGI Miss)
WHO_G,rpsJ,,,rpsJ,V57M,protein variant model,99.03,RGI Only (Not in NG-STAR)
WHO_G,tet(M),,,tet(M),N/A (Not SNP Model),protein homolog model,96.87,RGI Only (Not in NG-STAR)
WHO_H,23S_rRNA,WT/None,Wild_type,,,,,NG-STAR Only (RGI Miss)
WHO_H,gyrA,1,"mutations: S91F, D95G Ciprofloxacin MIC: 2",Neisseria gonorrhoeae gyrA conferring resistance to fluoroquinolones,"S91F, D95G",protein variant model,99.67,Match (Both Found)
WHO_H,mtrR,1,-35A Del Azithromycin: 0.25 Spectinomycin: 16 Tetracycline: 32,,,,,NG-STAR Only (RGI Miss)
WHO_H,parC,3,mutations: S87R,Neisseria gonorrhoeae parC conferring resistance to fluoroquinolones,S87R,protein variant model,99.74,Match (Both Found)
WHO_H,penA,498,mutations present: I312→M YES; V316→T YES; D345→a YES; F504→L YES; N512→Y YES; G545→S YES penA Type XXXIV Mosaic; NG STAR penA allele: 34.009,Neisseria gonorrhoeae PBP2 conferring resistance to beta-lactam antibiotics,"F504L, A510V, G545S",protein variant model,90.88,Match (Both Found)
WHO_H,ponA,1,mutation: L421P,,,,,NG-STAR Only (RGI Miss)
WHO_H,porB,11,"mutations: G120K, A121N",Neisseria gonorrhoeae porin PIB (por),G120K,protein variant model,92.82,Match (Both Found)
WHO_H,rpsJ,,,rpsJ,V57M,protein variant model,99.03,RGI Only (Not in NG-STAR)
WHO_I,23S_rRNA,WT/None,Wild_type,,,,,NG-STAR Only (RGI Miss)
WHO_I,gyrA,5,mutations: S91F Ciprofloxacin MIC: 0.125,Neisseria gonorrhoeae gyrA conferring resistance to fluoroquinolones,S91F,protein variant model,99.78,Match (Both Found)
WHO_I,mtrR,16,-35A Del,,,,,NG-STAR Only (RGI Miss)
WHO_I,parC,1,Wild Type,,,,,NG-STAR Only (RGI Miss)
WHO_I,penA,21,Type XII non-mosaic NG STAR penA allele: 12.001 Penicillin MIC: 32,Neisseria gonorrhoeae PBP2 conferring resistance to beta-lactam antibiotics,"F504L, A510V, P551S, A516G",protein variant model,99.14,Match (Both Found)
WHO_I,ponA,1,mutation: L421P,,,,,NG-STAR Only (RGI Miss)
WHO_I,porB,8,"mutations: G120K, A121D",Neisseria gonorrhoeae porin PIB (por),"G120K, A121D",protein variant model,96.26,Match (Both Found)
WHO_I,rpsJ,,,rpsJ,V57M,protein variant model,99.03,RGI Only (Not in NG-STAR)
WHO_J,23S_rRNA,WT/None,Wild_type,,,,,NG-STAR Only (RGI Miss)
WHO_J,gyrA,1,"mutations: S91F, D95G Ciprofloxacin MIC: 2",Neisseria gonorrhoeae gyrA conferring resistance to fluoroquinolones,"S91F, D95G",protein variant model,99.67,Match (Both Found)
WHO_J,mtrR,19,"-35A Del, G45D",Neisseria gonorrhoeae mtrR with mutation conferring resistance,G45D,protein variant model,99.05,Match (Both Found)
WHO_J,parC,9,mutation: D86N,,,,,NG-STAR Only (RGI Miss)
WHO_J,penA,23,mutations present: F504→L Type II non-mosaic NG STAR penA allele: 2.002 Penicillin MIC: 64,Neisseria gonorrhoeae PBP2 conferring resistance to beta-lactam antibiotics,"F504L, A510V, A516G",protein variant model,99.31,Match (Both Found)
WHO_J,ponA,1,mutation: L421P,,,,,NG-STAR Only (RGI Miss)
WHO_J,porB,8,"mutations: G120K, A121D",Neisseria gonorrhoeae porin PIB (por),"G120K, A121D",protein variant model,95.11,Match (Both Found)
WHO_J,rpsJ,,,rpsJ,V57M,protein variant model,99.03,RGI Only (Not in NG-STAR)
WHO_K,23S_rRNA,WT/None,Wild_type,,,,,NG-STAR Only (RGI Miss)
WHO_K,gyrA,2,"mutations: S91F, D95N Ciprofloxacin: >32",Neisseria gonorrhoeae gyrA conferring resistance to fluoroquinolones,"S91F, D95N",protein variant model,99.67,Match (Both Found)
WHO_K,mtrR,19,"-35A Del, G45D",Neisseria gonorrhoeae mtrR with mutation conferring resistance,G45D,protein variant model,99.05,Match (Both Found)
WHO_K,parC,5,"mutations: S87R, S88P",Neisseria gonorrhoeae parC conferring resistance to fluoroquinolones,S87R,protein variant model,99.61,Match (Both Found)
WHO_K,penA,14,Type X mosaic; N513Y; NG STAR penA allele: 10.001 Penicillin MIC: 2,,,,,NG-STAR Only (RGI Miss)
WHO_K,ponA,1,mutation: L421P,,,,,NG-STAR Only (RGI Miss)
WHO_K,porB,8,"mutations: G120K, A121D",Neisseria gonorrhoeae porin PIB (por),"G120K, A121D",protein variant model,93.97,Match (Both Found)
WHO_K,rpsJ,,,rpsJ,V57M,protein variant model,99.03,RGI Only (Not in NG-STAR)
WHO_L,23S_rRNA,WT/None,Wild_type,,,,,NG-STAR Only (RGI Miss)
WHO_L,gyrA,2,"mutations: S91F, D95N Ciprofloxacin: >32",Neisseria gonorrhoeae gyrA conferring resistance to fluoroquinolones,"S91F, D95N",protein variant model,99.67,Match (Both Found)
WHO_L,mtrR,25,G45D,Neisseria gonorrhoeae mtrR with mutation conferring resistance,G45D,protein variant model,99.05,Match (Both Found)
WHO_L,parC,11,"mutations: D86N, S88P",,,,,NG-STAR Only (RGI Miss)
WHO_L,penA,517,Type VII non-mosaic NG STAR penA allele: 7.001 Penicillin MIC: 2,Neisseria gonorrhoeae PBP2 conferring resistance to beta-lactam antibiotics,"A501V, F504L, G542S, A510V, A516G",protein variant model,98.97,Match (Both Found)
WHO_L,ponA,1,mutation: L421P,,,,,NG-STAR Only (RGI Miss)
WHO_L,porB,8,"mutations: G120K, A121D",Neisseria gonorrhoeae porin PIB (por),"G120K, A121D",protein variant model,93.97,Match (Both Found)
WHO_L,rpsJ,,,rpsJ,V57M,protein variant model,99.03,RGI Only (Not in NG-STAR)
WHO_M,23S_rRNA,WT/None,Wild_type,,,,,NG-STAR Only (RGI Miss)
WHO_M,gyrA,1,"mutations: S91F, D95G Ciprofloxacin MIC: 2",Neisseria gonorrhoeae gyrA conferring resistance to fluoroquinolones,"S91F, D95G",protein variant model,99.67,Match (Both Found)
WHO_M,mtrR,19,"-35A Del, G45D",Neisseria gonorrhoeae mtrR with mutation conferring resistance,G45D,protein variant model,99.05,Match (Both Found)
WHO_M,parC,1,Wild Type,,,,,NG-STAR Only (RGI Miss)
WHO_M,penA,166,mutations present: F504→L Type II Non-mosaic NG STAR penA allele: 2.001 penicillin MIC: 0.5,Neisseria gonorrhoeae PBP2 conferring resistance to beta-lactam antibiotics,"F504L, A510V, A516G",protein variant model,99.31,Match (Both Found)
WHO_M,ponA,1,mutation: L421P,,,,,NG-STAR Only (RGI Miss)
WHO_M,porB,8,"mutations: G120K, A121D",Neisseria gonorrhoeae porin PIB (por),"G120K, A121D",protein variant model,93.97,Match (Both Found)
WHO_M,rpsJ,,,rpsJ,V57M,protein variant model,99.03,RGI Only (Not in NG-STAR)
WHO_N,23S_rRNA,WT/None,Wild_type,,,,,NG-STAR Only (RGI Miss)
WHO_N,gyrA,1,"mutations: S91F, D95G Ciprofloxacin MIC: 2",Neisseria gonorrhoeae gyrA conferring resistance to fluoroquinolones,"S91F, D95G",protein variant model,99.67,Match (Both Found)
WHO_N,mtrR,26,A39T,,,,,NG-STAR Only (RGI Miss)
WHO_N,parC,12,mutation: S87I,,,,,NG-STAR Only (RGI Miss)
WHO_N,penA,166,mutations present: F504→L Type II Non-mosaic NG STAR penA allele: 2.001 penicillin MIC: 0.5,Neisseria gonorrhoeae PBP2 conferring resistance to beta-lactam antibiotics,"F504L, A510V, A516G",protein variant model,99.31,Match (Both Found)
WHO_N,ponA,1,mutation: L421P,,,,,NG-STAR Only (RGI Miss)
WHO_N,porB,13,porB1a,,,,,NG-STAR Only (RGI Miss)
WHO_N,rpsJ,,,rpsJ,V57M,protein variant model,99.03,RGI Only (Not in NG-STAR)
WHO_N,tet(M),,,tet(M),N/A (Not SNP Model),protein homolog model,96.87,RGI Only (Not in NG-STAR)
WHO_O,23S_rRNA,WT/None,Wild_type,,,,,NG-STAR Only (RGI Miss)
WHO_O,gyrA,WT/None,Wild type,,,,,NG-STAR Only (RGI Miss)
WHO_O,mtrR,1,-35A Del Azithromycin: 0.25 Spectinomycin: 16 Tetracycline: 32,,,,,NG-STAR Only (RGI Miss)
WHO_O,parC,7,Wild Type,,,,,NG-STAR Only (RGI Miss)
WHO_O,penA,21,Type XII non-mosaic NG STAR penA allele: 12.001 Penicillin MIC: 32,Neisseria gonorrhoeae PBP2 conferring resistance to beta-lactam antibiotics,"F504L, A510V, P551S, A516G",protein variant model,99.14,Match (Both Found)
WHO_O,ponA,1,mutation: L421P,,,,,NG-STAR Only (RGI Miss)
WHO_O,porB,8,"mutations: G120K, A121D",Neisseria gonorrhoeae porin PIB (por),"G120K, A121D",protein variant model,95.13,Match (Both Found)
WHO_O,rpsJ,,,rpsJ,V57M,protein variant model,99.03,RGI Only (Not in NG-STAR)
WHO_P,23S_rRNA,WT/None,Wild_type,,,,,NG-STAR Only (RGI Miss)
WHO_P,gyrA,WT/None,Wild type,,,,,NG-STAR Only (RGI Miss)
WHO_P,mtrR,32,Wild-Type,,,,,NG-STAR Only (RGI Miss)
WHO_P,parC,WT/None,Wild-type,,,,,NG-STAR Only (RGI Miss)
WHO_P,penA,166,mutations present: F504→L Type II Non-mosaic NG STAR penA allele: 2.001 penicillin MIC: 0.5,Neisseria gonorrhoeae PBP2 conferring resistance to beta-lactam antibiotics,"F504L, A510V, A516G",protein variant model,99.31,Match (Both Found)
WHO_P,ponA,WT/None,wild-type,,,,,NG-STAR Only (RGI Miss)
WHO_P,porB,2,mutation: A121D,Neisseria gonorrhoeae porin PIB (por),A121D,protein variant model,98.56,Match (Both Found)
WHO_P,rpsJ,,,rpsJ,V57M,protein variant model,99.03,RGI Only (Not in NG-STAR)
WHO_Q,23S_rRNA,1,A2059G Azithromycin MIC:>=512 Erythromycin MIC:>=64,,,,,NG-STAR Only (RGI Miss)
WHO_Q,gyrA,7,"mutations S91F, D95A Ciprofloxacin MIC: 4",Neisseria gonorrhoeae gyrA conferring resistance to fluoroquinolones,S91F,protein variant model,99.67,Match (Both Found)
WHO_Q,mtrR,19,"-35A Del, G45D",Neisseria gonorrhoeae mtrR with mutation conferring resistance,G45D,protein variant model,99.05,Match (Both Found)
WHO_Q,parC,3,mutations: S87R,Neisseria gonorrhoeae parC conferring resistance to fluoroquinolones,S87R,protein variant model,99.74,Match (Both Found)
WHO_Q,penA,1548,mutations present: I312→M NO; V316→T NO; D345→a YES; F504→L YES; N512→Y YES; G545→S YES Type LX Mosaic NG STAR penA allele: 60.001,Neisseria gonorrhoeae PBP2 conferring resistance to beta-lactam antibiotics,"A311V, T483S, F504L, A510V, G545S",protein variant model,91.58,Match (Both Found)
WHO_Q,ponA,1,mutation: L421P,,,,,NG-STAR Only (RGI Miss)
WHO_Q,porB,8,"mutations: G120K, A121D",Neisseria gonorrhoeae porin PIB (por),"G120K, A121D",protein variant model,97.7,Match (Both Found)
WHO_Q,rpsJ,,,rpsJ,V57M,protein variant model,99.03,RGI Only (Not in NG-STAR)
WHO_Q,tet(M),,,tet(M),N/A (Not SNP Model),protein homolog model,96.87,RGI Only (Not in NG-STAR)
WHO_R,23S_rRNA,WT/None,Wild_type,,,,,NG-STAR Only (RGI Miss)
WHO_R,gyrA,7,"mutations S91F, D95A Ciprofloxacin MIC: 4",Neisseria gonorrhoeae gyrA conferring resistance to fluoroquinolones,S91F,protein variant model,99.67,Match (Both Found)
WHO_R,mtrR,1,-35A Del Azithromycin: 0.25 Spectinomycin: 16 Tetracycline: 32,,,,,NG-STAR Only (RGI Miss)
WHO_R,parC,3,mutations: S87R,Neisseria gonorrhoeae parC conferring resistance to fluoroquinolones,S87R,protein variant model,99.74,Match (Both Found)
WHO_R,penA,1548,mutations present: I312→M NO; V316→T NO; D345→a YES; F504→L YES; N512→Y YES; G545→S YES Type LX Mosaic NG STAR penA allele: 60.001,Neisseria gonorrhoeae PBP2 conferring resistance to beta-lactam antibiotics,"A311V, T483S, F504L, A510V, G545S",protein variant model,91.58,Match (Both Found)
WHO_R,ponA,1,mutation: L421P,,,,,NG-STAR Only (RGI Miss)
WHO_R,porB,8,"mutations: G120K, A121D",Neisseria gonorrhoeae porin PIB (por),"G120K, A121D",protein variant model,92.53,Match (Both Found)
WHO_R,rpsJ,,,rpsJ,V57M,protein variant model,99.03,RGI Only (Not in NG-STAR)
WHO_S,23S_rRNA,WT/None,Wild_type,,,,,NG-STAR Only (RGI Miss)
WHO_S,gyrA,WT/None,Wild type,,,,,NG-STAR Only (RGI Miss)
WHO_S,mtrR,376,Meningitidis-like promoter,,,,,NG-STAR Only (RGI Miss)
WHO_S,parC,2,Wild Type,,,,,NG-STAR Only (RGI Miss)
WHO_S,penA,22,mutations present: I312→M NO; V316→T NO; D345→a YES; F504→L NO; N512→Y NO; G545→S NO Type XV non-mosaic NG STAR penA allele: 15.001 penicillin MIC: 0.032,,,,,NG-STAR Only (RGI Miss)
WHO_S,ponA,WT/None,wild-type,,,,,NG-STAR Only (RGI Miss)
WHO_S,porB,1,Wild Type,,,,,NG-STAR Only (RGI Miss)
WHO_S2,23S_rRNA,WT/None,Wild_type,,,,,NG-STAR Only (RGI Miss)
WHO_S2,gyrA,WT/None,Wild type,,,,,NG-STAR Only (RGI Miss)
WHO_S2,mtrR,39,N. meningitidis-like promoter,,,,,NG-STAR Only (RGI Miss)
WHO_S2,parC,WT/None,Wild-type,,,,,NG-STAR Only (RGI Miss)
WHO_S2,penA,166,mutations present: F504→L Type II Non-mosaic NG STAR penA allele: 2.001 penicillin MIC: 0.5,Neisseria gonorrhoeae PBP2 conferring resistance to beta-lactam antibiotics,"F504L, A510V, A516G",protein variant model,99.31,Match (Both Found)
WHO_S2,ponA,WT/None,wild-type,,,,,NG-STAR Only (RGI Miss)
WHO_S2,porB,11,"mutations: G120K, A121N",Neisseria gonorrhoeae porin PIB (por),G120K,protein variant model,93.39,Match (Both Found)
WHO_S2,rpsJ,,,rpsJ,V57M,protein variant model,99.03,RGI Only (Not in NG-STAR)
WHO_T,23S_rRNA,WT/None,Wild_type,,,,,NG-STAR Only (RGI Miss)
WHO_T,gyrA,WT/None,Wild type,,,,,NG-STAR Only (RGI Miss)
WHO_T,mtrR,1,-35A Del Azithromycin: 0.25 Spectinomycin: 16 Tetracycline: 32,,,,,NG-STAR Only (RGI Miss)
WHO_T,parC,2,Wild Type,,,,,NG-STAR Only (RGI Miss)
WHO_T,penA,285,mutations present: A571G; Type IX non-mosaic NG STAR penA allele: 9.001 Penicillin MIC: 1,Neisseria gonorrhoeae PBP2 conferring resistance to beta-lactam antibiotics,"F504L, A510V, A516G, P551L",protein variant model,99.14,Match (Both Found)
WHO_T,ponA,1,mutation: L421P,,,,,NG-STAR Only (RGI Miss)
WHO_T,porB,8,"mutations: G120K, A121D",Neisseria gonorrhoeae porin PIB (por),"G120K, A121D",protein variant model,94.83,Match (Both Found)
WHO_T,rpsJ,,,rpsJ,V57M,protein variant model,99.03,RGI Only (Not in NG-STAR)
WHO_U,23S_rRNA,2,C2611T Azithromycin MIC:4 Erythromycin MIC: 32,,,,,NG-STAR Only (RGI Miss)
WHO_U,gyrA,WT/None,Wild type,,,,,NG-STAR Only (RGI Miss)
WHO_U,mtrR,50,Wild-Type,,,,,NG-STAR Only (RGI Miss)
WHO_U,parC,1,Wild Type,,,,,NG-STAR Only (RGI Miss)
WHO_U,penA,166,mutations present: F504→L Type II Non-mosaic NG STAR penA allele: 2.001 penicillin MIC: 0.5,Neisseria gonorrhoeae PBP2 conferring resistance to beta-lactam antibiotics,"F504L, A510V, A516G",protein variant model,99.31,Match (Both Found)
WHO_U,ponA,1,mutation: L421P,,,,,NG-STAR Only (RGI Miss)
WHO_U,porB,1,Wild Type,,,,,NG-STAR Only (RGI Miss)
WHO_U,rpsJ,,,rpsJ,V57M,protein variant model,99.03,RGI Only (Not in NG-STAR)
WHO_V,23S_rRNA,1,A2059G Azithromycin MIC:>=512 Erythromycin MIC:>=64,,,,,NG-STAR Only (RGI Miss)
WHO_V,gyrA,1,"mutations: S91F, D95G Ciprofloxacin MIC: 2",Neisseria gonorrhoeae gyrA conferring resistance to fluoroquinolones,"S91F, D95G",protein variant model,99.67,Match (Both Found)
WHO_V,mtrR,1,-35A Del Azithromycin: 0.25 Spectinomycin: 16 Tetracycline: 32,,,,,NG-STAR Only (RGI Miss)
WHO_V,parC,3,mutations: S87R,Neisseria gonorrhoeae parC conferring resistance to fluoroquinolones,S87R,protein variant model,99.48,Match (Both Found)
WHO_V,penA,288,mutations present: F504→L; P551→S Type V non-mosaic NG STAR penA allele: 5.002 Penicillin MIC: 2,Neisseria gonorrhoeae PBP2 conferring resistance to beta-lactam antibiotics,"F504L, G542S, A510V, A516G",protein variant model,98.63,Match (Both Found)
WHO_V,ponA,1,mutation: L421P,,,,,NG-STAR Only (RGI Miss)
WHO_V,porB,8,"mutations: G120K, A121D",Neisseria gonorrhoeae porin PIB (por),"G120K, A121D",protein variant model,94.83,Match (Both Found)
WHO_V,rpsJ,,,rpsJ,V57M,protein variant model,99.03,RGI Only (Not in NG-STAR)
WHO_W,23S_rRNA,WT/None,Wild_type,,,,,NG-STAR Only (RGI Miss)
WHO_W,gyrA,2,"mutations: S91F, D95N Ciprofloxacin: >32",Neisseria gonorrhoeae gyrA conferring resistance to fluoroquinolones,"S91F, D95N",protein variant model,99.67,Match (Both Found)
WHO_W,mtrR,19,"-35A Del, G45D",Neisseria gonorrhoeae mtrR with mutation conferring resistance,G45D,protein variant model,99.05,Match (Both Found)
WHO_W,parC,5,"mutations: S87R, S88P",Neisseria gonorrhoeae parC conferring resistance to fluoroquinolones,S87R,protein variant model,99.61,Match (Both Found)
WHO_W,penA,14,Type X mosaic; N513Y; NG STAR penA allele: 10.001 Penicillin MIC: 2,,,,,NG-STAR Only (RGI Miss)
WHO_W,ponA,1,mutation: L421P,,,,,NG-STAR Only (RGI Miss)
WHO_W,porB,8,"mutations: G120K, A121D",Neisseria gonorrhoeae porin PIB (por),"G120K, A121D",protein variant model,93.97,Match (Both Found)
WHO_W,rpsJ,,,rpsJ,V57M,protein variant model,99.03,RGI Only (Not in NG-STAR)
WHO_X,23S_rRNA,WT/None,Wild_type,,,,,NG-STAR Only (RGI Miss)
WHO_X,gyrA,2,"mutations: S91F, D95N Ciprofloxacin: >32",Neisseria gonorrhoeae gyrA conferring resistance to fluoroquinolones,"S91F, D95N",protein variant model,99.67,Match (Both Found)
WHO_X,mtrR,1,-35A Del Azithromycin: 0.25 Spectinomycin: 16 Tetracycline: 32,,,,,NG-STAR Only (RGI Miss)
WHO_X,parC,5,"mutations: S87R, S88P",Neisseria gonorrhoeae parC conferring resistance to fluoroquinolones,S87R,protein variant model,99.61,Match (Both Found)
WHO_X,penA,545,mutations present: I312→M YES; V316→P YES; D345→a YES; F504→L YES; N512→Y YES; G545→S YES Type XXXVII mosaic NG STAR penA allele: 37.001 Penicillin MIC: 4,,,,,NG-STAR Only (RGI Miss)
WHO_X,ponA,1,mutation: L421P,,,,,NG-STAR Only (RGI Miss)
WHO_X,porB,8,"mutations: G120K, A121D",Neisseria gonorrhoeae porin PIB (por),"G120K, A121D",protein variant model,93.39,Match (Both Found)
WHO_X,rpsJ,,,rpsJ,V57M,protein variant model,99.03,RGI Only (Not in NG-STAR)
WHO_Y,23S_rRNA,WT/None,Wild_type,,,,,NG-STAR Only (RGI Miss)
WHO_Y,gyrA,1,"mutations: S91F, D95G Ciprofloxacin MIC: 2",Neisseria gonorrhoeae gyrA conferring resistance to fluoroquinolones,"S91F, D95G",protein variant model,99.67,Match (Both Found)
WHO_Y,mtrR,1,-35A Del Azithromycin: 0.25 Spectinomycin: 16 Tetracycline: 32,,,,,NG-STAR Only (RGI Miss)
WHO_Y,parC,3,mutations: S87R,Neisseria gonorrhoeae parC conferring resistance to fluoroquinolones,S87R,protein variant model,99.74,Match (Both Found)
WHO_Y,penA,500,mutations present: I312→M YES; V316→T YES; D345→a YES; A501→P YES; F504→L YES; N512→Y YES; G545→S YES Type XLII mosaic NG STAR penA allele: 42.001 Penicillin MIC: 2,Neisseria gonorrhoeae PBP2 conferring resistance to beta-lactam antibiotics,"A501P, F504L, A510V, G545S",protein variant model,90.88,Match (Both Found)
WHO_Y,ponA,1,mutation: L421P,,,,,NG-STAR Only (RGI Miss)
WHO_Y,porB,11,"mutations: G120K, A121N",Neisseria gonorrhoeae porin PIB (por),G120K,protein variant model,92.53,Match (Both Found)
WHO_Y,rpsJ,,,rpsJ,V57M,protein variant model,99.03,RGI Only (Not in NG-STAR)
WHO_Z,23S_rRNA,WT/None,Wild_type,,,,,NG-STAR Only (RGI Miss)
WHO_Z,gyrA,2,"mutations: S91F, D95N Ciprofloxacin: >32",Neisseria gonorrhoeae gyrA conferring resistance to fluoroquinolones,"S91F, D95N",protein variant model,99.67,Match (Both Found)
WHO_Z,mtrR,51,Wild-Type,,,,,NG-STAR Only (RGI Miss)
WHO_Z,parC,5,"mutations: S87R, S88P",Neisseria gonorrhoeae parC conferring resistance to fluoroquinolones,S87R,protein variant model,99.61,Match (Both Found)
WHO_Z,penA,1551,mutations present: I312→M YES; V316→T YES; D345→a YES; F504→L YES; N512→Y YES; G545→S YES Type LXIV Mosaic NG STAR penA allele: 64.001,Neisseria gonorrhoeae PBP2 conferring resistance to beta-lactam antibiotics,"A311V, T483S, F504L, A510V, G545S",protein variant model,90.21,Match (Both Found)
WHO_Z,ponA,1,mutation: L421P,,,,,NG-STAR Only (RGI Miss)
WHO_Z,porB,8,"mutations: G120K, A121D",Neisseria gonorrhoeae porin PIB (por),"G120K, A121D",protein variant model,94.25,Match (Both Found)
WHO_Z,rpsJ,,,rpsJ,V57M,protein variant model,99.03,RGI Only (Not in NG-STAR)
WHO_alpha,23S_rRNA,WT/None,Wild_type,,,,,NG-STAR Only (RGI Miss)
WHO_alpha,gyrA,2,"mutations: S91F, D95N Ciprofloxacin: >32",Neisseria gonorrhoeae gyrA conferring resistance to fluoroquinolones,"S91F, D95N",protein variant model,99.67,Match (Both Found)
WHO_alpha,mtrR,36,"-35A Del, A39T",Neisseria gonorrhoeae mtrR with mutation conferring resistance,A39T,protein variant model,99.05,Match (Both Found)
WHO_alpha,parC,24,mutations: S87I,,,,,NG-STAR Only (RGI Miss)
WHO_alpha,penA,287,mutations present: mutations present: I312→M NO; V316→T NO; D345→a NO;  A501→T YES; F504→L YES N512→Y NO; G545→S NO Type XVIII non mosaic NG STAR penA allele: 18.001 Penicillin MIC: 256,Neisseria gonorrhoeae PBP2 conferring resistance to beta-lactam antibiotics,"A501T, F504L, G542S, A510V, A516G",protein variant model,98.46,Match (Both Found)
WHO_alpha,ponA,1,mutation: L421P,,,,,NG-STAR Only (RGI Miss)
WHO_alpha,porB,8,"mutations: G120K, A121D",Neisseria gonorrhoeae porin PIB (por),"G120K, A121D",protein variant model,93.68,Match (Both Found)
WHO_alpha,rpsJ,,,rpsJ,V57M,protein variant model,99.03,RGI Only (Not in NG-STAR)
WHO_beta,23S_rRNA,WT/None,Wild_type,,,,,NG-STAR Only (RGI Miss)
WHO_beta,gyrA,7,"mutations S91F, D95A Ciprofloxacin MIC: 4",Neisseria gonorrhoeae gyrA conferring resistance to fluoroquinolones,S91F,protein variant model,99.67,Match (Both Found)
WHO_beta,mtrR,38,A39T,,,,,NG-STAR Only (RGI Miss)
WHO_beta,parC,26,mutations: S87N,,,,,NG-STAR Only (RGI Miss)
WHO_beta,penA,228,mutations present: mutations present: I312→M NO; V316→T NO; D345→a NO; F504→L YES; N512→Y NO; G545→S NO Type XIX non-mosaic NG STAR penA allele: 19.001 Penicillin MIC: 0.5,Neisseria gonorrhoeae PBP2 conferring resistance to beta-lactam antibiotics,"F504L, A510V, A516G",protein variant model,98.63,Match (Both Found)
WHO_beta,ponA,1,mutation: L421P,,,,,NG-STAR Only (RGI Miss)
WHO_beta,porB,12,"mutations: G120K, A121G",Neisseria gonorrhoeae porin PIB (por),G120K,protein variant model,95.11,Match (Both Found)
WHO_beta,rpsJ,,,rpsJ,V57M,protein variant model,99.03,RGI Only (Not in NG-STAR)
WHO_beta,tet(M),,,tet(M),N/A (Not SNP Model),protein homolog model,98.12,RGI Only (Not in NG-STAR)
